frequency,angle,length,velocity,thickness,pressure
800,0,0.2286,31.7,0.0027238,130.725
800,2.7,0.1524,39.6,0.00294804,128.829
500,9.5,0.0254,55.5,0.0043284,123.082
4000,12.3,0.1016,71.3,0.0337792,118.018
1000,3,0.3048,39.6,0.00495741,128.312
1250,0,0.3048,31.7,0.00331266,124.355
5000,4.2,0.0508,39.6,0.00152689,129.777
800,8.4,0.0508,71.3,0.00529514,127.556
2500,8.4,0.0508,71.3,0.00529514,134.226
6300,1.5,0.3048,71.3,0.00336729,118.122
1250,2,0.2286,31.7,0.00372371,128.677
315,15.6,0.1016,39.6,0.0528487,122.754
6300,4,0.2286,39.6,0.00473801,114.249
4000,7.2,0.1524,71.3,0.00752039,119.343
3150,8.4,0.0508,71.3,0.00529514,131.966
315,17.4,0.0254,55.5,0.0165706,111.911
6300,0,0.0254,71.3,0.000400682,134.987
400,11.2,0.0508,39.6,0.0150478,130.67
4000,8.9,0.1016,39.6,0.0124596,116.22
1600,9.5,0.0254,31.7,0.00461377,131.036
800,17.4,0.0254,55.5,0.0165706,123.091
315,8.9,0.1016,71.3,0.0103088,136.583
200,15.4,0.0508,55.5,0.0271925,122.94
8000,1.5,0.3048,71.3,0.00336729,115.372
250,12.7,0.0254,71.3,0.0121808,119.698
1600,2,0.2286,55.5,0.00313525,126.752
1250,0,0.1016,71.3,0.00121072,130.335
8000,4.2,0.0508,71.3,0.00142788,125.268
1250,0,0.0508,71.3,0.000740478,128.56
200,7.3,0.2286,39.6,0.0123481,130.989
6300,12.3,0.1016,39.6,0.0408268,107.985
400,8.4,0.0508,39.6,0.00566229,120.015
1250,0,0.0508,55.5,0.00076193,127.076
315,12.6,0.1524,71.3,0.0483159,128.484
16000,1.5,0.3048,71.3,0.00336729,106.582
315,0,0.3048,31.7,0.00331266,122.765
2000,3,0.3048,39.6,0.00495741,120.532
6300,0,0.0508,71.3,0.000740478,133.04
3150,5.3,0.2286,39.6,0.00614329,118.441
5000,4.8,0.0254,55.5,0.000873218,135.484
500,0,0.3048,55.5,0.00283081,126.416
1600,6.7,0.1016,31.7,0.00592927,124.346
2000,5.4,0.1524,39.6,0.00485029,124.647
6300,3,0.3048,31.7,0.00529514,109.718
400,12.6,0.1524,71.3,0.0483159,127.094
4000,17.4,0.0254,55.5,0.0165706,121.771
500,6.7,0.1016,55.5,0.0052139,129.343
1600,0,0.2286,31.7,0.0027238,125.625
1250,9.5,0.0254,39.6,0.00449821,130.964
10000,2.7,0.1524,39.6,0.00294804,112.589
400,4,0.2286,55.5,0.0042862,123.274
500,12.7,0.0254,71.3,0.0121808,126.898
2000,17.4,0.0254,55.5,0.0165706,125.261
500,4,0.3048,71.3,0.00497773,130.715
200,15.6,0.1016,71.3,0.0437259,130.898
4000,0,0.2286,31.7,0.0027238,122.035
2000,0,0.2286,39.6,0.00253511,125.305
4000,2,0.2286,71.3,0.00293031,124.086
6300,0,0.0254,55.5,0.00041229,136.103
2000,4.8,0.0254,71.3,0.000848633,128.398
5000,1.5,0.3048,71.3,0.00336729,119.632
500,17.4,0.0254,31.7,0.0176631,127.676
800,7.3,0.2286,39.6,0.0123481,126.299
2000,6.7,0.1016,31.7,0.00592927,120.446
2000,8.9,0.1016,71.3,0.0103088,124.233
10000,4,0.3048,71.3,0.00497773,110.905
250,11.2,0.0508,39.6,0.0150478,126.43
500,0,0.1524,55.5,0.00172668,120.573
800,4,0.2286,71.3,0.00400603,130.688
2000,15.4,0.0508,55.5,0.0271925,127.04
1000,5.3,0.2286,71.3,0.0051942,134
1000,4,0.2286,39.6,0.00473801,129.969
2500,0,0.1016,31.7,0.00150092,132.003
630,9.5,0.0254,55.5,0.0043284,125.452
630,0,0.3048,31.7,0.00331266,129.095
8000,0,0.3048,39.6,0.00310138,114.779
1000,15.6,0.1016,71.3,0.0437259,124.438
2000,15.4,0.0508,71.3,0.0264269,129.285
400,12.3,0.1016,39.6,0.0408268,128.265
1600,0,0.1016,31.7,0.00150092,133.553
4000,4.8,0.0254,71.3,0.000848633,134.928
400,15.6,0.1016,39.6,0.0528487,120.484
400,22.2,0.0254,39.6,0.0229028,123.416
200,15.4,0.0508,31.7,0.0289853,119.975
400,17.4,0.0254,55.5,0.0165706,115.461
2500,0,0.1016,55.5,0.00131983,133.04
3150,5.3,0.2286,71.3,0.0051942,123.12
4000,17.4,0.0254,31.7,0.0176631,121.996
2500,0,0.1524,39.6,0.00193287,126.863
1600,17.4,0.0254,31.7,0.0176631,126.846
1000,2,0.2286,39.6,0.00346574,129.147
2000,22.2,0.0254,39.6,0.0229028,121.256
1600,15.4,0.0508,31.7,0.0289853,121.485
800,8.9,0.1016,39.6,0.0124596,130.94
500,7.2,0.1524,39.6,0.00909175,132.658
250,9.9,0.1524,31.7,0.0252785,128.559
800,3,0.3048,55.5,0.00452492,129.949
1250,0,0.2286,55.5,0.00229336,127.91
630,12.7,0.0254,71.3,0.0121808,128.878
4000,0,0.2286,55.5,0.00229336,123.41
1250,4,0.2286,71.3,0.00400603,131.718
1600,0,0.3048,39.6,0.00310138,124.049
2000,12.3,0.1016,55.5,0.0368233,118.564
400,5.4,0.1524,55.5,0.00433288,126.807
1000,0,0.3048,55.5,0.00283081,126.966
1000,0,0.0508,31.7,0.000812164,126.78
315,7.3,0.2286,39.6,0.0123481,132.149
800,7.3,0.2286,31.7,0.0132672,123.209
630,8.4,0.0508,31.7,0.00580776,125.856
400,5.3,0.2286,39.6,0.00614329,131.221
8000,0,0.1016,71.3,0.00121072,125.465
6300,12.3,0.1016,31.7,0.0418756,107.267
5000,0,0.1524,31.7,0.00209405,122.397
1000,4,0.2286,71.3,0.00400603,131.708
315,7.2,0.1524,71.3,0.00752039,128.713
1600,0,0.2286,71.3,0.00214345,129.134
200,9.9,0.1524,39.6,0.0233328,127.315
800,19.7,0.0508,39.6,0.036484,119.174
1250,4.8,0.0254,39.6,0.000907475,125.026
5000,15.4,0.0508,55.5,0.0271925,117.11
2000,3.3,0.1016,71.3,0.00202822,134.034
400,0,0.3048,31.7,0.00331266,125.045
2500,17.4,0.0254,39.6,0.0172206,124.154
400,15.6,0.1016,71.3,0.0437259,134.058
6300,7.2,0.1524,39.6,0.00909175,112.688
400,8.4,0.0508,31.7,0.00580776,120.076
3150,17.4,0.0254,31.7,0.0176631,123.466
3150,9.5,0.0254,39.6,0.00449821,129.934
1250,7.3,0.2286,71.3,0.0104404,127.358
200,12.3,0.1016,31.7,0.0418756,124.987
1250,9.5,0.0254,31.7,0.00461377,131.446
1600,9.9,0.1524,71.3,0.0193001,121.789
10000,5.3,0.2286,71.3,0.0051942,111.35
1000,15.4,0.0508,55.5,0.0271925,130.4
12500,0,0.1016,55.5,0.00131983,119.91
3150,7.3,0.2286,39.6,0.0123481,114.309
3150,5.4,0.1524,39.6,0.00485029,119.137
800,2.7,0.1524,71.3,0.00243851,127.394
1600,6.7,0.1016,55.5,0.0052139,133.653
800,17.4,0.0254,71.3,0.016104,124.276
6300,8.9,0.1016,71.3,0.0103088,117.253
3150,6.7,0.1016,71.3,0.00478288,124.458
1250,9.5,0.0254,71.3,0.00420654,131.656
2000,4.2,0.0508,39.6,0.00152689,132.587
630,0,0.2286,39.6,0.00253511,128.705
4000,12.6,0.1524,39.6,0.0584113,104.5
10000,4.8,0.0254,39.6,0.000907475,126.066
4000,4,0.2286,39.6,0.00473801,119.159
500,3,0.3048,39.6,0.00495741,127.632
4000,11.2,0.0508,39.6,0.0150478,115.52
500,15.6,0.1016,71.3,0.0437259,130.638
10000,2,0.2286,71.3,0.00293031,113.086
1600,0,0.3048,55.5,0.00283081,126.986
6300,0,0.1524,55.5,0.00172668,123.303
6300,0,0.2286,39.6,0.00253511,117.465
315,19.7,0.0508,39.6,0.036484,129.864
5000,9.5,0.0254,31.7,0.00461377,124.426
4000,0,0.0508,39.6,0.000791822,135.308
2000,0,0.1524,71.3,0.0015988,128.647
5000,0,0.0254,55.5,0.00041229,135.803
800,4,0.2286,39.6,0.00473801,130.469
2500,15.4,0.0508,39.6,0.0282593,122.413
3150,5.4,0.1524,31.7,0.00525474,118.291
1000,4,0.3048,39.6,0.00579636,128.723
500,12.3,0.1016,71.3,0.0337792,140.158
2000,3,0.3048,55.5,0.00452492,123.069
2000,0,0.2286,55.5,0.00229336,126.54
250,5.3,0.2286,39.6,0.00614329,127.011
800,15.4,0.0508,39.6,0.0282593,128.423
315,4,0.2286,31.7,0.00509068,123.609
200,8.9,0.1016,39.6,0.0124596,133.42
315,7.2,0.1524,39.6,0.00909175,130.558
3150,19.7,0.0508,71.3,0.0341183,116.225
2500,9.9,0.1524,31.7,0.0252785,114.729
1250,7.3,0.2286,55.5,0.0111706,125.724
5000,9.9,0.1524,71.3,0.0193001,114.569
3150,15.4,0.0508,55.5,0.0271925,123.46
6300,0,0.0508,31.7,0.000812164,130.34
630,5.3,0.2286,71.3,0.0051942,131.8
2500,0,0.3048,71.3,0.00266337,125.571
5000,0,0.1016,39.6,0.00146332,126.021
2500,12.3,0.1016,55.5,0.0368233,117.054
630,6.7,0.1016,39.6,0.00578076,133.355
5000,9.9,0.1524,39.6,0.0233328,111.135
1250,7.3,0.2286,31.7,0.0132672,120.509
1000,8.4,0.0508,31.7,0.00580776,129.516
6300,9.5,0.0254,55.5,0.0043284,124.222
1600,0,0.1016,55.5,0.00131983,132.05
500,17.4,0.0254,39.6,0.0172206,117.514
16000,0,0.1524,71.3,0.0015988,113.297
1600,3,0.3048,39.6,0.00495741,122.782
1600,0,0.3048,71.3,0.00266337,127.591
10000,0,0.1524,71.3,0.0015988,120.247
1600,8.4,0.0508,55.5,0.00544854,133.032
630,4,0.2286,39.6,0.00473801,129.579
8000,0,0.0254,31.7,0.000439472,137.207
6300,4.8,0.0254,55.5,0.000873218,135.164
4000,12.6,0.1524,71.3,0.0483159,108.034
1600,12.6,0.1524,39.6,0.0584113,110.78
200,9.9,0.1524,71.3,0.0193001,134.319
3150,0,0.1524,55.5,0.00172668,127.753
3150,0,0.3048,39.6,0.00310138,120.319
3150,3.3,0.1016,71.3,0.00202822,132.114
12500,0,0.0254,31.7,0.000439472,128.977
10000,0,0.0508,55.5,0.00076193,127.636
5000,0,0.1524,55.5,0.00172668,125.203
5000,3,0.3048,55.5,0.00452492,117.309
6300,5.4,0.1524,55.5,0.00433288,117.287
4000,0,0.1016,55.5,0.00131983,129.5
400,12.3,0.1016,31.7,0.0418756,123.207
6300,2,0.2286,55.5,0.00313525,118.712
20000,4.8,0.0254,55.5,0.000873218,121.284
1600,12.3,0.1016,39.6,0.0408268,117.875
2000,17.4,0.0254,71.3,0.016104,126.826
6300,12.3,0.1016,55.5,0.0368233,110.124
1250,4,0.2286,31.7,0.00509068,128.119
4000,12.3,0.1016,39.6,0.0408268,110.905
8000,0,0.3048,71.3,0.00266337,117.151
3150,9.9,0.1524,55.5,0.0208438,115.085
200,17.4,0.0254,39.6,0.0172206,114.044
400,9.9,0.1524,39.6,0.0233328,128.345
500,11.2,0.0508,39.6,0.0150478,131.96
800,2,0.2286,71.3,0.00293031,128.216
2500,2,0.2286,39.6,0.00346574,121.397
3150,12.3,0.1016,55.5,0.0368233,116.914
5000,3,0.3048,71.3,0.00425727,118.134
10000,12.7,0.0254,39.6,0.0130253,116.017
315,19.7,0.0508,71.3,0.0341183,121.235
6300,12.6,0.1524,71.3,0.0483159,107.284
2000,1.5,0.3048,71.3,0.00336729,126.642
250,9.9,0.1524,55.5,0.0208438,133.235
200,0,0.3048,31.7,0.00331266,117.195
10000,0,0.3048,31.7,0.00331266,108.265
250,15.4,0.0508,39.6,0.0282593,122.893
1000,7.3,0.2286,39.6,0.0123481,122.539
1000,0,0.1524,71.3,0.0015988,127.307
315,9.9,0.1524,71.3,0.0193001,135.459
800,12.3,0.1016,55.5,0.0368233,125.114
6300,17.4,0.0254,71.3,0.016104,119.916
2000,4,0.2286,55.5,0.0042862,124.254
800,1.5,0.3048,71.3,0.00336729,127.122
400,11.2,0.0508,71.3,0.014072,129.281
500,0,0.2286,39.6,0.00253511,126.195
630,8.4,0.0508,39.6,0.00566229,126.045
1600,8.9,0.1016,71.3,0.0103088,128.763
3150,0,0.0508,71.3,0.000740478,135.07
8000,3.3,0.1016,55.5,0.002211,120.569
12500,0,0.0508,71.3,0.000740478,125.22
250,9.5,0.0254,39.6,0.00449821,116.924
2000,4,0.2286,71.3,0.00400603,126.218
1600,3.3,0.1016,31.7,0.00251435,133.402
1600,7.3,0.2286,31.7,0.0132672,119.039
10000,0,0.0254,71.3,0.000400682,130.787
1000,4,0.2286,55.5,0.0042862,132.134
630,0,0.3048,39.6,0.00310138,128.629
250,7.3,0.2286,39.6,0.0123481,131.889
1600,3,0.3048,55.5,0.00452492,124.439
500,12.3,0.1016,39.6,0.0408268,122.205
2500,9.5,0.0254,31.7,0.00461377,130.086
1000,12.3,0.1016,71.3,0.0337792,127.928
16000,4.8,0.0254,71.3,0.000848633,124.208
630,5.3,0.2286,39.6,0.00614329,132.011
630,9.5,0.0254,31.7,0.00461377,129.006
2500,0,0.0254,39.6,0.000428464,131.836
3150,7.3,0.2286,71.3,0.0104404,120.458
10000,0,0.0508,71.3,0.000740478,128.74
5000,0,0.2286,31.7,0.0027238,120.505
12500,0,0.2286,71.3,0.00214345,117.624
1000,6.7,0.1016,39.6,0.00578076,134.515
1000,0,0.1524,39.6,0.00193287,130.033
500,9.9,0.1524,71.3,0.0193001,131.279
1250,2.7,0.1524,71.3,0.00243851,130.144
2500,0,0.0254,55.5,0.00041229,130.073
250,7.2,0.1524,39.6,0.00909175,127.488
5000,7.2,0.1524,71.3,0.00752039,118.343
2000,7.3,0.2286,39.6,0.0123481,117.809
800,5.3,0.2286,39.6,0.00614329,129.491
630,5.4,0.1524,39.6,0.00485029,132.357
800,6.7,0.1016,39.6,0.00578076,134.625
1000,11.2,0.0508,39.6,0.0150478,132.43
1000,4,0.2286,31.7,0.00509068,129.869
2500,7.3,0.2286,31.7,0.0132672,114.709
10000,0,0.1524,39.6,0.00193287,115.413
2500,12.7,0.0254,39.6,0.0130253,129.027
10000,0,0.0508,31.7,0.000812164,122.45
2000,0,0.1016,71.3,0.00121072,132.095
3150,0,0.2286,55.5,0.00229336,125.16
1600,2.7,0.1524,71.3,0.00243851,130.644
400,2,0.2286,71.3,0.00293031,125.116
1000,3,0.3048,31.7,0.00529514,126.838
1600,2,0.2286,39.6,0.00346574,125.837
5000,5.3,0.2286,39.6,0.00614329,115.311
1000,3,0.3048,71.3,0.00425727,129.004
6300,2,0.2286,31.7,0.00372371,115.137
630,17.4,0.0254,31.7,0.0176631,136.886
1600,8.9,0.1016,39.6,0.0124596,123.82
16000,4,0.2286,71.3,0.00400603,112.768
3150,0,0.0254,31.7,0.000439472,135.227
500,9.9,0.1524,39.6,0.0233328,126.835
2500,17.4,0.0254,71.3,0.016104,126.746
400,3,0.3048,71.3,0.00425727,127.564
500,5.3,0.2286,39.6,0.00614329,132.251
8000,4.8,0.0254,55.5,0.000873218,132.184
1250,12.3,0.1016,31.7,0.0418756,118.767
8000,1.5,0.3048,39.6,0.00392107,112.251
6300,9.9,0.1524,39.6,0.0233328,109.885
5000,15.4,0.0508,31.7,0.0289853,112.355
250,4,0.3048,71.3,0.00497773,126.395
5000,0,0.1016,55.5,0.00131983,128.36
4000,19.7,0.0508,39.6,0.036484,108.684
3150,9.5,0.0254,71.3,0.00420654,136.166
1600,7.2,0.1524,71.3,0.00752039,130.893
6300,0,0.0508,55.5,0.00076193,132.796
1000,4.2,0.0508,39.6,0.00152689,125.647
800,0,0.0508,39.6,0.000791822,126.508
4000,3,0.3048,55.5,0.00452492,118.689
1000,3.3,0.1016,71.3,0.00202822,131.434
6300,4.2,0.0508,39.6,0.00152689,125.717
4000,8.9,0.1016,71.3,0.0103088,120.243
250,7.3,0.2286,31.7,0.0132672,130.089
1250,19.7,0.0508,39.6,0.036484,118.634
250,12.6,0.1524,71.3,0.0483159,129.744
630,3.3,0.1016,55.5,0.002211,126.599
250,11.2,0.0508,71.3,0.014072,127.101
800,0,0.3048,31.7,0.00331266,129.235
315,9.9,0.1524,39.6,0.0233328,128.595
1600,6.7,0.1016,39.6,0.00578076,127.375
1600,9.5,0.0254,71.3,0.00420654,133.756
315,9.5,0.0254,31.7,0.00461377,122.766
4000,0,0.1524,55.5,0.00172668,127.233
1000,15.6,0.1016,39.6,0.0528487,119.224
2000,15.6,0.1016,39.6,0.0528487,110.894
800,0,0.1524,55.5,0.00172668,126.713
250,7.3,0.2286,71.3,0.0104404,139.918
6300,4.8,0.0254,39.6,0.000907475,134.336
4000,3.3,0.1016,71.3,0.00202822,128.704
12500,4,0.3048,71.3,0.00497773,107.405
10000,12.7,0.0254,71.3,0.0121808,114.418
3150,4,0.3048,71.3,0.00497773,121.775
1000,19.7,0.0508,39.6,0.036484,118.904
800,12.3,0.1016,39.6,0.0408268,122.315
1250,3,0.3048,71.3,0.00425727,127.634
10000,1.5,0.3048,39.6,0.00392107,108.991
630,17.4,0.0254,71.3,0.016104,122.606
5000,12.3,0.1016,39.6,0.0408268,108.625
800,12.3,0.1016,71.3,0.0337792,127.318
6300,3,0.3048,71.3,0.00425727,116.134
315,12.3,0.1016,39.6,0.0408268,129.415
315,17.4,0.0254,39.6,0.0172206,115.144
3150,2.7,0.1524,71.3,0.00243851,127.054
1250,0,0.2286,39.6,0.00253511,129.395
5000,0,0.0254,71.3,0.000400682,136.837
2500,15.4,0.0508,55.5,0.0271925,125.63
5000,0,0.0508,39.6,0.000791822,134.308
250,0,0.3048,31.7,0.00331266,118.595
630,15.4,0.0508,39.6,0.0282593,127.443
3150,12.6,0.1524,71.3,0.0483159,113.334
10000,3.3,0.1016,71.3,0.00202822,116.694
3150,3.3,0.1016,39.6,0.00245138,128.401
630,2,0.2286,31.7,0.00372371,129.057
500,4,0.2286,55.5,0.0042862,127.314
800,0,0.1524,39.6,0.00193287,127.903
2500,0,0.2286,71.3,0.00214345,128.354
315,15.4,0.0508,31.7,0.0289853,122.845
1600,4.8,0.0254,55.5,0.000873218,121.474
10000,0,0.3048,71.3,0.00266337,115.391
1000,6.7,0.1016,55.5,0.0052139,137.233
3150,3,0.3048,31.7,0.00529514,118.108
800,22.2,0.0254,39.6,0.0229028,137.076
6300,3.3,0.1016,71.3,0.00202822,124.904
800,6.7,0.1016,55.5,0.0052139,135.953
2000,19.7,0.0508,39.6,0.036484,117.724
6300,3.3,0.1016,39.6,0.00245138,120.851
3150,8.4,0.0508,39.6,0.00566229,123.965
1250,8.4,0.0508,31.7,0.00580776,130.156
5000,5.4,0.1524,39.6,0.00485029,117.037
8000,2,0.2286,71.3,0.00293031,115.996
8000,5.3,0.2286,71.3,0.0051942,114.9
1250,4,0.3048,39.6,0.00579636,126.343
630,12.3,0.1016,31.7,0.0418756,119.287
4000,12.7,0.0254,39.6,0.0130253,126.537
10000,0,0.0508,39.6,0.000791822,125.998
630,19.7,0.0508,71.3,0.0341183,128.365
1600,4,0.2286,31.7,0.00509068,125.229
1250,17.4,0.0254,71.3,0.016104,126.356
2500,2,0.2286,31.7,0.00372371,121.407
4000,0,0.3048,71.3,0.00266337,123.061
3150,15.6,0.1016,39.6,0.0528487,109.254
315,12.3,0.1016,71.3,0.0337792,137.068
800,3,0.3048,71.3,0.00425727,129.494
630,19.7,0.0508,39.6,0.036484,120.324
6300,12.3,0.1016,71.3,0.0337792,113.958
800,15.4,0.0508,55.5,0.0271925,130.43
500,2,0.2286,71.3,0.00293031,126.486
5000,4.8,0.0254,39.6,0.000907475,135.426
2000,5.3,0.2286,39.6,0.00614329,117.911
1250,5.4,0.1524,55.5,0.00433288,130.777
315,22.2,0.0254,39.6,0.0229028,120.716
2000,0,0.0254,55.5,0.00041229,127.623
800,7.2,0.1524,71.3,0.00752039,136.023
8000,3.3,0.1016,71.3,0.00202822,121.234
630,7.2,0.1524,71.3,0.00752039,134.853
630,4,0.2286,55.5,0.0042862,129.964
1600,11.2,0.0508,39.6,0.0150478,126.54
3150,5.4,0.1524,71.3,0.00401199,123.311
1000,12.6,0.1524,39.6,0.0584113,114.67
4000,15.4,0.0508,39.6,0.0282593,118.113
20000,0,0.0254,55.5,0.00041229,121.933
2500,7.3,0.2286,71.3,0.0104404,122.088
6300,0,0.1524,31.7,0.00209405,119.737
500,3,0.3048,31.7,0.00529514,127.548
2000,12.7,0.0254,71.3,0.0121808,134.228
1000,0,0.1524,55.5,0.00172668,128.583
1000,0,0.1016,55.5,0.00131983,129.8
1000,0,0.1016,31.7,0.00150092,131.313
2000,0,0.3048,71.3,0.00266337,127.461
800,9.9,0.1524,39.6,0.0233328,126.345
400,0,0.3048,39.6,0.00310138,124.809
6300,9.9,0.1524,31.7,0.0252785,108.689
2000,4,0.2286,39.6,0.00473801,121.659
10000,0,0.2286,71.3,0.00214345,118.134
1600,9.5,0.0254,55.5,0.0043284,133.062
10000,4,0.2286,71.3,0.00400603,113.108
2500,17.4,0.0254,55.5,0.0165706,124.931
2500,8.4,0.0508,31.7,0.00580776,125.576
2500,2,0.2286,71.3,0.00293031,127.006
10000,0,0.1016,31.7,0.00150092,115.893
5000,12.6,0.1524,71.3,0.0483159,108.034
400,4,0.3048,71.3,0.00497773,129.575
6300,0,0.0254,39.6,0.000428464,136.826
200,19.7,0.0508,39.6,0.036484,125.974
6300,2,0.2286,39.6,0.00346574,116.417
315,4,0.3048,39.6,0.00579636,126.843
500,6.7,0.1016,39.6,0.00578076,130.955
1600,3,0.3048,71.3,0.00425727,126.514
2500,11.2,0.0508,71.3,0.014072,130.541
5000,2,0.2286,31.7,0.00372371,118.267
4000,19.7,0.0508,71.3,0.0341183,113.045
630,0,0.3048,55.5,0.00283081,127.696
1250,0,0.1016,39.6,0.00146332,132.271
3150,0,0.0508,31.7,0.000812164,135.49
3150,7.2,0.1524,39.6,0.00909175,111.818
630,9.9,0.1524,71.3,0.0193001,129.889
630,7.3,0.2286,55.5,0.0111706,130.934
315,0,0.2286,31.7,0.0027238,120.595
2000,5.4,0.1524,55.5,0.00433288,128.707
500,19.7,0.0508,71.3,0.0341183,126.995
6300,17.4,0.0254,55.5,0.0165706,114.861
500,8.4,0.0508,39.6,0.00566229,122.905
800,2,0.2286,31.7,0.00372371,130.307
1600,9.9,0.1524,31.7,0.0252785,117.119
630,3,0.3048,71.3,0.00425727,129.354
800,8.4,0.0508,31.7,0.00580776,128.246
2500,0,0.2286,39.6,0.00253511,125.025
1600,22.2,0.0254,71.3,0.0214178,131.817
1000,3.3,0.1016,55.5,0.002211,131.129
2500,2.7,0.1524,71.3,0.00243851,128.334
12500,1.5,0.3048,71.3,0.00336729,109.222
315,0,0.2286,55.5,0.00229336,119.54
1600,1.5,0.3048,71.3,0.00336729,126.632
2000,12.3,0.1016,31.7,0.0418756,110.447
500,0,0.1524,39.6,0.00193287,119.513
5000,7.3,0.2286,39.6,0.0123481,111.959
400,7.2,0.1524,71.3,0.00752039,130.123
1000,0,0.0508,71.3,0.000740478,129.45
1600,3.3,0.1016,55.5,0.002211,133.649
3150,0,0.2286,71.3,0.00214345,127.834
3150,15.4,0.0508,39.6,0.0282593,120.513
400,9.9,0.1524,31.7,0.0252785,128.939
1250,4,0.3048,71.3,0.00497773,129.395
1250,5.4,0.1524,71.3,0.00401199,134.111
2000,6.7,0.1016,39.6,0.00578076,122.235
10000,4.8,0.0254,55.5,0.000873218,126.944
1000,12.7,0.0254,39.6,0.0130253,130.947
8000,0,0.0254,39.6,0.000428464,135.866
3150,0,0.1016,71.3,0.00121072,131.955
2000,0,0.0508,31.7,0.000812164,133.01
5000,4.2,0.0508,71.3,0.00142788,132.828
630,8.4,0.0508,55.5,0.00544854,126.152
4000,1.5,0.3048,71.3,0.00336729,121.762
3150,15.6,0.1016,71.3,0.0437259,116.468
1600,0,0.0508,39.6,0.000791822,130.908
20000,4.8,0.0254,71.3,0.000848633,119.708
2500,4,0.3048,71.3,0.00497773,123.775
4000,3.3,0.1016,31.7,0.00251435,124.852
400,15.4,0.0508,39.6,0.0282593,125.353
6300,5.4,0.1524,71.3,0.00401199,116.411
1600,5.4,0.1524,55.5,0.00433288,130.567
1600,4.2,0.0508,71.3,0.00142788,124.318
1600,4,0.3048,71.3,0.00497773,126.645
2000,11.2,0.0508,71.3,0.014072,133.311
800,2,0.2286,55.5,0.00313525,128.492
800,0,0.1016,71.3,0.00121072,126.805
1600,9.9,0.1524,39.6,0.0233328,118.545
1000,12.3,0.1016,55.5,0.0368233,125.484
1250,8.4,0.0508,55.5,0.00544854,132.252
1600,5.3,0.2286,71.3,0.0051942,130.46
400,9.5,0.0254,39.6,0.00449821,121.154
2500,5.3,0.2286,71.3,0.0051942,123.74
5000,15.4,0.0508,39.6,0.0282593,114.453
8000,4.8,0.0254,71.3,0.000848633,131.518
20000,4,0.2286,71.3,0.00400603,109.638
315,3,0.3048,39.6,0.00495741,123.312
6300,12.7,0.0254,39.6,0.0130253,123.177
8000,0,0.0254,55.5,0.00041229,136.163
8000,0,0.0508,39.6,0.000791822,128.518
200,8.9,0.1016,71.3,0.0103088,133.503
200,9.9,0.1524,31.7,0.0252785,127.299
2000,0,0.0508,39.6,0.000791822,132.918
2500,9.5,0.0254,39.6,0.00449821,131.234
3150,0,0.2286,39.6,0.00253511,124.625
4000,4,0.2286,55.5,0.0042862,120.654
800,0,0.2286,55.5,0.00229336,127.53
6300,0,0.2286,71.3,0.00214345,122.044
10000,0,0.0254,31.7,0.000439472,134.227
6300,0,0.1016,71.3,0.00121072,129.395
500,8.4,0.0508,55.5,0.00544854,123.742
2000,7.2,0.1524,71.3,0.00752039,128.643
1250,4,0.2286,39.6,0.00473801,128.339
4000,8.4,0.0508,71.3,0.00529514,126.926
400,12.3,0.1016,71.3,0.0337792,139.428
8000,0,0.0508,71.3,0.000740478,130.89
500,9.5,0.0254,31.7,0.00461377,126.886
2500,7.2,0.1524,71.3,0.00752039,124.353
12500,4.8,0.0254,71.3,0.000848633,127.688
2000,8.4,0.0508,31.7,0.00580776,127.686
800,7.3,0.2286,71.3,0.0104404,130.748
400,15.4,0.0508,55.5,0.0271925,126.5
500,4,0.2286,39.6,0.00473801,127.039
2000,0,0.2286,31.7,0.0027238,123.455
2000,0,0.1524,39.6,0.00193287,129.633
3150,12.3,0.1016,31.7,0.0418756,110.307
4000,1.5,0.3048,39.6,0.00392107,117.741
10000,0,0.3048,39.6,0.00310138,112.139
800,22.2,0.0254,71.3,0.0214178,123.227
2000,9.5,0.0254,39.6,0.00449821,131.274
500,0,0.2286,31.7,0.0027238,126.675
315,4,0.2286,39.6,0.00473801,122.229
1250,5.4,0.1524,39.6,0.00485029,127.117
630,11.2,0.0508,71.3,0.014072,133.611
2000,7.2,0.1524,39.6,0.00909175,120.228
400,17.4,0.0254,71.3,0.016104,117.396
1000,2.7,0.1524,71.3,0.00243851,128.774
500,3,0.3048,55.5,0.00452492,128.179
800,0,0.1524,31.7,0.00209405,129.117
8000,0,0.0508,55.5,0.00076193,130.156
630,12.3,0.1016,71.3,0.0337792,135.368
1250,22.2,0.0254,39.6,0.0229028,126.446
2500,17.4,0.0254,31.7,0.0176631,124.166
10000,3,0.3048,55.5,0.00452492,112.169
3150,4,0.2286,31.7,0.00509068,120.229
1600,19.7,0.0508,39.6,0.036484,117.604
630,4.8,0.0254,31.7,0.000930789,120.078
1600,5.3,0.2286,39.6,0.00614329,123.081
2000,3,0.3048,31.7,0.00529514,120.088
4000,0,0.2286,39.6,0.00253511,123.465
1250,6.7,0.1016,71.3,0.00478288,137.658
2000,3.3,0.1016,31.7,0.00251435,131.642
5000,3,0.3048,31.7,0.00529514,113.858
1250,12.7,0.0254,39.6,0.0130253,130.777
1250,0,0.0508,31.7,0.000812164,129.27
16000,0,0.0254,39.6,0.000428464,124.986
1250,9.9,0.1524,71.3,0.0193001,122.679
2000,2,0.2286,71.3,0.00293031,126.896
12500,0,0.3048,55.5,0.00283081,111.076
5000,17.4,0.0254,31.7,0.0176631,117.996
500,15.4,0.0508,31.7,0.0289853,123.695
1000,17.4,0.0254,55.5,0.0165706,126.001
630,6.7,0.1016,55.5,0.0052139,133.023
8000,17.4,0.0254,71.3,0.016104,115.466
2500,0,0.1524,55.5,0.00172668,127.763
1600,9.5,0.0254,39.6,0.00449821,131.184
2500,22.2,0.0254,71.3,0.0214178,126.097
2500,5.4,0.1524,39.6,0.00485029,120.497
2000,6.7,0.1016,71.3,0.00478288,134.568
2500,9.9,0.1524,39.6,0.0233328,116.295
1250,15.4,0.0508,55.5,0.0271925,130
2000,8.4,0.0508,39.6,0.00566229,129.965
400,9.5,0.0254,55.5,0.0043284,120.952
630,0,0.2286,55.5,0.00229336,126.16
3150,8.9,0.1016,39.6,0.0124596,119.35
4000,2.7,0.1524,71.3,0.00243851,126.534
400,7.2,0.1524,39.6,0.00909175,132.118
4000,4,0.2286,71.3,0.00400603,121.728
1600,4,0.2286,55.5,0.0042862,128.264
8000,0,0.1016,55.5,0.00131983,124.45
200,17.4,0.0254,31.7,0.0176631,116.146
1000,5.4,0.1524,71.3,0.00401199,133.201
315,4,0.3048,71.3,0.00497773,128.175
400,6.7,0.1016,31.7,0.00592927,128.296
630,3.3,0.1016,39.6,0.00245138,127.251
800,4.8,0.0254,31.7,0.000930789,122.648
8000,4.2,0.0508,39.6,0.00152689,120.397
1000,9.9,0.1524,55.5,0.0208438,124.665
5000,0,0.0254,31.7,0.000439472,138.607
2000,1.5,0.3048,39.6,0.00392107,122.101
4000,4,0.2286,31.7,0.00509068,118.859
1600,4,0.3048,39.6,0.00579636,123.213
2500,0,0.3048,39.6,0.00310138,121.399
500,4.8,0.0254,39.6,0.000907475,116.366
1000,0,0.3048,39.6,0.00310138,127.899
1000,8.9,0.1016,71.3,0.0103088,135.433
400,7.3,0.2286,39.6,0.0123481,132.039
630,5.4,0.1524,55.5,0.00433288,131.807
1250,3.3,0.1016,71.3,0.00202822,132.304
1600,0,0.1016,71.3,0.00121072,131.725
500,22.2,0.0254,39.6,0.0229028,129.776
800,5.3,0.2286,71.3,0.0051942,133.48
8000,3.3,0.1016,31.7,0.00251435,117.432
800,17.4,0.0254,39.6,0.0172206,135.324
2500,6.7,0.1016,55.5,0.0052139,124.273
6300,4.8,0.0254,31.7,0.000930789,132.898
2500,5.3,0.2286,39.6,0.00614329,116.151
5000,2.7,0.1524,39.6,0.00294804,121.499
4000,15.4,0.0508,71.3,0.0264269,122.675
5000,5.3,0.2286,71.3,0.0051942,118.05
6300,5.4,0.1524,31.7,0.00525474,115.591
1250,12.3,0.1016,39.6,0.0408268,121.165
6300,1.5,0.3048,39.6,0.00392107,114.751
630,0,0.1524,31.7,0.00209405,125.997
10000,0,0.0254,39.6,0.000428464,133.376
4000,8.4,0.0508,39.6,0.00566229,118.955
4000,17.4,0.0254,71.3,0.016104,125.586
3150,17.4,0.0254,39.6,0.0172206,123.564
10000,0,0.3048,55.5,0.00283081,113.076
315,11.2,0.0508,71.3,0.014072,128.381
1250,3,0.3048,31.7,0.00529514,124.838
1250,0,0.1524,71.3,0.0015988,128.927
1000,0,0.3048,71.3,0.00266337,125.201
1000,8.4,0.0508,39.6,0.00566229,130.195
1250,0,0.2286,31.7,0.0027238,128.805
6300,7.2,0.1524,71.3,0.00752039,116.603
1250,3.3,0.1016,55.5,0.002211,132.769
12500,0,0.0254,71.3,0.000400682,133.207
2500,1.5,0.3048,71.3,0.00336729,124.512
10000,7.2,0.1524,39.6,0.00909175,110.868
8000,2.7,0.1524,71.3,0.00243851,120.534
2000,2,0.2286,31.7,0.00372371,123.037
6300,9.5,0.0254,71.3,0.00420654,127.246
3150,2,0.2286,55.5,0.00313525,123.742
1250,0,0.3048,55.5,0.00283081,126.086
1000,9.5,0.0254,31.7,0.00461377,131.346
1000,5.4,0.1524,31.7,0.00525474,128.241
5000,3.3,0.1016,31.7,0.00251435,122.082
1600,4,0.2286,39.6,0.00473801,125.319
800,11.2,0.0508,39.6,0.0150478,133.79
6300,15.4,0.0508,39.6,0.0282593,109.663
500,2,0.2286,39.6,0.00346574,125.157
200,11.2,0.0508,71.3,0.014072,125.941
6300,2,0.2286,71.3,0.00293031,120.786
630,17.4,0.0254,55.5,0.0165706,122.411
5000,7.3,0.2286,31.7,0.0132672,111.029
630,15.6,0.1016,71.3,0.0437259,122.288
315,6.7,0.1016,31.7,0.00592927,126.266
1250,3,0.3048,55.5,0.00452492,127.329
3150,9.9,0.1524,31.7,0.0252785,112.209
1000,1.5,0.3048,39.6,0.00392107,127.581
3150,2.7,0.1524,39.6,0.00294804,122.919
8000,7.2,0.1524,39.6,0.00909175,111.588
5000,8.9,0.1016,39.6,0.0124596,113.08
315,5.4,0.1524,39.6,0.00485029,125.347
2000,12.3,0.1016,71.3,0.0337792,122.218
800,8.4,0.0508,55.5,0.00544854,128.562
250,9.9,0.1524,71.3,0.0193001,135.329
6300,4,0.2286,31.7,0.00509068,112.699
1000,22.2,0.0254,39.6,0.0229028,128.416
4000,15.4,0.0508,55.5,0.0271925,120.92
315,15.4,0.0508,71.3,0.0264269,126.195
1250,0,0.1524,55.5,0.00172668,129.953
400,4,0.3048,39.6,0.00579636,128.633
1000,4.8,0.0254,39.6,0.000907475,122.956
2000,7.3,0.2286,31.7,0.0132672,115.309
5000,4,0.2286,55.5,0.0042862,120.034
250,19.7,0.0508,71.3,0.0341183,119.115
8000,4.8,0.0254,39.6,0.000907475,131.346
1250,0,0.3048,39.6,0.00310138,125.499
4000,11.2,0.0508,71.3,0.014072,122.471
1000,0,0.3048,31.7,0.00331266,127.365
1250,17.4,0.0254,55.5,0.0165706,129.301
800,12.6,0.1524,39.6,0.0584113,116.56
1250,12.7,0.0254,71.3,0.0121808,133.048
2500,0,0.0508,55.5,0.00076193,133.956
3150,17.4,0.0254,71.3,0.016104,126.536
8000,0,0.1524,39.6,0.00193287,120.553
800,5.4,0.1524,55.5,0.00433288,133.097
12500,0,0.0508,39.6,0.000791822,123.988
800,0,0.2286,39.6,0.00253511,130.205
10000,0,0.1016,39.6,0.00146332,119.561
500,0,0.2286,55.5,0.00229336,123.78
315,15.6,0.1016,71.3,0.0437259,133.808
1250,8.4,0.0508,39.6,0.00566229,131.205
500,15.4,0.0508,39.6,0.0282593,125.963
1000,0,0.2286,39.6,0.00253511,130.435
800,8.9,0.1016,71.3,0.0103088,137.813
250,15.4,0.0508,71.3,0.0264269,124.835
6300,0,0.0508,39.6,0.000791822,131.918
800,17.4,0.0254,31.7,0.0176631,139.226
500,8.9,0.1016,71.3,0.0103088,138.523
2500,3,0.3048,55.5,0.00452492,122.439
630,1.5,0.3048,39.6,0.00392107,128.311
5000,2.7,0.1524,71.3,0.00243851,124.364
3150,9.9,0.1524,71.3,0.0193001,116.849
3150,7.2,0.1524,71.3,0.00752039,116.783
800,9.9,0.1524,71.3,0.0193001,128.879
315,0,0.2286,39.6,0.00253511,121.055
630,9.5,0.0254,71.3,0.00420654,125.726
2000,4.8,0.0254,55.5,0.000873218,125.054
2500,19.7,0.0508,39.6,0.036484,116.184
3150,0,0.3048,55.5,0.00283081,123.236
1250,6.7,0.1016,31.7,0.00592927,129.256
630,12.3,0.1016,39.6,0.0408268,121.315
2500,12.7,0.0254,71.3,0.0121808,134.058
2000,4.8,0.0254,31.7,0.000930789,130.148
2000,0,0.1016,55.5,0.00131983,132.54
6300,0,0.0254,31.7,0.000439472,138.537
3150,8.4,0.0508,31.7,0.00580776,122.086
4000,2,0.2286,55.5,0.00313525,122.232
800,0,0.3048,55.5,0.00283081,128.086
1000,0,0.0508,55.5,0.00076193,125.586
2000,9.5,0.0254,71.3,0.00420654,134.976
2500,4,0.3048,39.6,0.00579636,120.233
1600,0,0.0254,39.6,0.000428464,124.156
630,0,0.1016,71.3,0.00121072,124.155
10000,1.5,0.3048,71.3,0.00336729,113.492
4000,2.7,0.1524,39.6,0.00294804,121.889
2500,1.5,0.3048,39.6,0.00392107,120.981
630,2,0.2286,39.6,0.00346574,127.417
2000,0,0.0508,55.5,0.00076193,131.456
630,15.6,0.1016,39.6,0.0528487,118.084
200,12.6,0.1524,39.6,0.0584113,114.75
1250,5.3,0.2286,39.6,0.00614329,125.721
800,0,0.3048,71.3,0.00266337,126.201
2000,5.3,0.2286,71.3,0.0051942,125.89
2000,3.3,0.1016,55.5,0.002211,133.649
5000,17.4,0.0254,55.5,0.0165706,118.941
3150,2,0.2286,31.7,0.00372371,121.527
630,12.6,0.1524,39.6,0.0584113,116.55
1600,0,0.0508,31.7,0.000812164,131.01
2000,12.7,0.0254,39.6,0.0130253,129.567
1000,0,0.0254,31.7,0.000439472,125.127
3150,4.8,0.0254,39.6,0.000907475,133.436
6300,4,0.2286,71.3,0.00400603,118.618
2500,0,0.0508,71.3,0.000740478,131.31
5000,9.5,0.0254,71.3,0.00420654,131.186
500,8.4,0.0508,31.7,0.00580776,122.966
250,9.9,0.1524,39.6,0.0233328,128.335
400,19.7,0.0508,71.3,0.0341183,123.865
1250,5.3,0.2286,71.3,0.0051942,133.38
315,7.3,0.2286,55.5,0.0111706,136.284
3150,1.5,0.3048,39.6,0.00392107,119.111
1250,7.2,0.1524,71.3,0.00752039,132.513
800,3.3,0.1016,55.5,0.002211,129.119
800,3,0.3048,31.7,0.00529514,128.708
800,5.4,0.1524,71.3,0.00401199,131.281
315,12.3,0.1016,55.5,0.0368233,135.674
2000,2.7,0.1524,71.3,0.00243851,130.114
2500,4,0.2286,31.7,0.00509068,120.209
2000,12.6,0.1524,71.3,0.0483159,117.504
630,12.3,0.1016,55.5,0.0368233,124.244
2000,2,0.2286,55.5,0.00313525,124.612
2000,7.3,0.2286,71.3,0.0104404,122.708
8000,4,0.2286,71.3,0.00400603,112.848
1600,15.4,0.0508,55.5,0.0271925,128.2
800,12.6,0.1524,71.3,0.0483159,123.054
250,17.4,0.0254,39.6,0.0172206,114.714
800,7.3,0.2286,55.5,0.0111706,128.444
630,15.4,0.0508,31.7,0.0289853,124.685
1600,12.3,0.1016,55.5,0.0368233,121.824
4000,0,0.0254,39.6,0.000428464,135.346
3150,5.4,0.1524,55.5,0.00433288,121.587
800,0,0.0508,31.7,0.000812164,122.79
4000,12.3,0.1016,31.7,0.0418756,108.407
1250,12.3,0.1016,55.5,0.0368233,124.214
315,11.2,0.0508,39.6,0.0150478,128.99
6300,0,0.2286,55.5,0.00229336,118.41
800,15.6,0.1016,39.6,0.0528487,118.964
1000,12.7,0.0254,71.3,0.0121808,131.698
10000,4.2,0.0508,39.6,0.00152689,116.967
6300,3.3,0.1016,55.5,0.002211,123.839
800,12.3,0.1016,31.7,0.0418756,120.037
200,9.9,0.1524,55.5,0.0208438,131.955
5000,4,0.3048,71.3,0.00497773,117.785
630,7.3,0.2286,71.3,0.0104404,133.768
4000,4,0.3048,39.6,0.00579636,115.863
6300,22.2,0.0254,71.3,0.0214178,123.127
3150,4,0.2286,71.3,0.00400603,124.108
12500,0,0.0508,55.5,0.00076193,125.376
5000,12.3,0.1016,55.5,0.0368233,112.014
2000,9.9,0.1524,31.7,0.0252785,116.859
4000,5.3,0.2286,71.3,0.0051942,120.33
250,19.7,0.0508,39.6,0.036484,127.224
5000,0,0.1524,71.3,0.0015988,126.457
4000,3,0.3048,31.7,0.00529514,115.608
400,0,0.2286,31.7,0.0027238,123.635
1600,0,0.2286,55.5,0.00229336,126.79
630,9.9,0.1524,31.7,0.0252785,126.049
400,15.4,0.0508,31.7,0.0289853,123.705
5000,22.2,0.0254,71.3,0.0214178,125.727
4000,9.9,0.1524,39.6,0.0233328,112.265
315,15.4,0.0508,55.5,0.0271925,125.39
2000,9.5,0.0254,55.5,0.0043284,134.052
2000,0,0.0508,71.3,0.000740478,131.06
500,19.7,0.0508,39.6,0.036484,128.444
400,5.4,0.1524,31.7,0.00525474,127.781
5000,5.4,0.1524,31.7,0.00525474,115.691
5000,0,0.0508,31.7,0.000812164,133.23
630,7.3,0.2286,31.7,0.0132672,126.189
315,0,0.3048,39.6,0.00310138,122.779
3150,7.3,0.2286,55.5,0.0111706,117.134
1000,7.2,0.1524,39.6,0.00909175,128.338
400,3,0.3048,55.5,0.00452492,126.159
400,2,0.2286,55.5,0.00313525,122.292
5000,15.6,0.1016,39.6,0.0528487,106.224
1000,2,0.2286,55.5,0.00313525,129.002
630,12.6,0.1524,71.3,0.0483159,123.304
6300,0,0.3048,39.6,0.00310138,116.229
1250,11.2,0.0508,71.3,0.014072,136.191
2000,2,0.2286,39.6,0.00346574,122.797
1000,12.3,0.1016,31.7,0.0418756,119.777
630,4.8,0.0254,39.6,0.000907475,118.696
2000,19.7,0.0508,71.3,0.0341183,120.055
16000,0,0.0254,71.3,0.000400682,130.477
2000,8.9,0.1016,39.6,0.0124596,119.04
1600,5.4,0.1524,39.6,0.00485029,126.267
6300,9.9,0.1524,71.3,0.0193001,112.039
3150,2,0.2286,71.3,0.00293031,126.116
200,12.6,0.1524,71.3,0.0483159,128.354
200,12.3,0.1016,71.3,0.0337792,130.588
4000,0,0.1524,39.6,0.00193287,125.343
10000,2.7,0.1524,71.3,0.00243851,116.724
200,11.2,0.0508,39.6,0.0150478,125.01
8000,0,0.1524,31.7,0.00209405,117.957
2500,8.4,0.0508,39.6,0.00566229,127.465
8000,0,0.3048,31.7,0.00331266,110.515
3150,0,0.2286,31.7,0.0027238,123.445
630,3.3,0.1016,31.7,0.00251435,128.952
250,15.4,0.0508,55.5,0.0271925,124.17
5000,4,0.2286,71.3,0.00400603,121.118
2000,4,0.2286,31.7,0.00509068,122.089
1250,4.2,0.0508,39.6,0.00152689,128.427
630,5.4,0.1524,71.3,0.00401199,128.971
2000,0,0.0254,31.7,0.000439472,130.697
20000,0,0.2286,71.3,0.00214345,114.474
3150,3.3,0.1016,55.5,0.002211,130.629
4000,0,0.0254,71.3,0.000400682,138.557
2500,4.8,0.0254,71.3,0.000848633,130.828
1600,3.3,0.1016,39.6,0.00245138,133.071
2500,9.9,0.1524,55.5,0.0208438,118.365
800,0,0.1016,31.7,0.00150092,129.053
500,11.2,0.0508,71.3,0.014072,130.311
315,9.9,0.1524,31.7,0.0252785,128.809
8000,0,0.1016,39.6,0.00146332,122.341
2500,0,0.3048,55.5,0.00283081,124.106
3150,12.7,0.0254,71.3,0.0121808,133.758
8000,3.3,0.1016,39.6,0.00245138,118.091
3150,2,0.2286,39.6,0.00346574,121.627
3150,3,0.3048,71.3,0.00425727,121.514
250,12.3,0.1016,39.6,0.0408268,129.675
8000,4,0.2286,55.5,0.0042862,112.524
4000,0,0.1016,31.7,0.00150092,126.933
1250,11.2,0.0508,39.6,0.0150478,130.05
250,0,0.3048,39.6,0.00310138,119.319
1000,0,0.2286,55.5,0.00229336,128.29
1250,6.7,0.1016,55.5,0.0052139,136.883
630,4,0.2286,71.3,0.00400603,129.038
500,12.6,0.1524,71.3,0.0483159,121.664
5000,4.8,0.0254,31.7,0.000930789,135.248
2500,4,0.2286,55.5,0.0042862,122.384
2500,9.9,0.1524,71.3,0.0193001,119.639
2500,0,0.0254,71.3,0.000400682,133.707
8000,7.2,0.1524,71.3,0.00752039,113.333
12500,4,0.2286,71.3,0.00400603,114.258
4000,4.8,0.0254,39.6,0.000907475,134.996
630,22.2,0.0254,39.6,0.0229028,137.026
5000,9.9,0.1524,55.5,0.0208438,112.065
1000,5.3,0.2286,39.6,0.00614329,125.581
2500,3.3,0.1016,39.6,0.00245138,130.791
1250,9.9,0.1524,55.5,0.0208438,121.635
1250,0,0.0508,39.6,0.000791822,129.148
1000,3.3,0.1016,31.7,0.00251435,133.012
1250,15.4,0.0508,71.3,0.0264269,130.845
5000,0,0.0508,55.5,0.00076193,134.556
4000,4.8,0.0254,31.7,0.000930789,135.328
2000,0,0.3048,55.5,0.00283081,126.616
800,9.5,0.0254,71.3,0.00420654,127.206
1000,0,0.1016,71.3,0.00121072,128.825
630,0,0.1016,55.5,0.00131983,126.17
1250,1.5,0.3048,71.3,0.00336729,125.872
6300,12.6,0.1524,39.6,0.0584113,103.38
400,4,0.2286,39.6,0.00473801,123.879
630,2,0.2286,55.5,0.00313525,126.842
2500,0,0.0508,39.6,0.000791822,134.938
5000,2,0.2286,71.3,0.00293031,122.816
800,4,0.3048,39.6,0.00579636,130.723
4000,22.2,0.0254,71.3,0.0214178,123.917
2000,22.2,0.0254,71.3,0.0214178,127.197
3150,0,0.1016,31.7,0.00150092,129.973
1000,8.4,0.0508,55.5,0.00544854,130.722
800,15.4,0.0508,31.7,0.0289853,125.555
1250,15.6,0.1016,39.6,0.0528487,118.214
3150,0,0.0508,55.5,0.00076193,134.826
3150,0,0.1524,71.3,0.0015988,129.377
315,2,0.2286,31.7,0.00372371,120.147
315,12.7,0.0254,71.3,0.0121808,122.938
630,12.7,0.0254,39.6,0.0130253,128.867
6300,15.4,0.0508,71.3,0.0264269,115.215
2000,12.6,0.1524,39.6,0.0584113,109.52
2000,3,0.3048,71.3,0.00425727,125.524
4000,7.3,0.2286,39.6,0.0123481,114.079
1000,3,0.3048,55.5,0.00452492,129.329
1600,17.4,0.0254,39.6,0.0172206,127.614
2500,15.4,0.0508,31.7,0.0289853,119.945
6300,4.8,0.0254,71.3,0.000848633,134.498
5000,12.3,0.1016,71.3,0.0337792,116.108
16000,0,0.2286,71.3,0.00214345,114.984
1250,9.5,0.0254,55.5,0.0043284,132.202
800,0,0.0508,55.5,0.00076193,124.336
6300,15.4,0.0508,55.5,0.0271925,112.93
400,8.4,0.0508,55.5,0.00544854,121.582
5000,1.5,0.3048,39.6,0.00392107,116.241
4000,5.4,0.1524,31.7,0.00525474,116.181
5000,0,0.3048,39.6,0.00310138,117.789
630,8.9,0.1016,39.6,0.0124596,131.92
6300,0,0.1016,31.7,0.00150092,124.253
10000,3.3,0.1016,55.5,0.002211,115.659
2500,0,0.2286,31.7,0.0027238,123.445
10000,4.2,0.0508,71.3,0.00142788,121.238
800,12.7,0.0254,71.3,0.0121808,130.348
1250,3.3,0.1016,39.6,0.00245138,133.211
3150,0,0.1016,39.6,0.00146332,130.961
1600,8.4,0.0508,31.7,0.00580776,129.296
2000,0,0.1524,55.5,0.00172668,129.673
1000,7.3,0.2286,71.3,0.0104404,126.838
2500,3.3,0.1016,71.3,0.00202822,133.894
800,7.2,0.1524,39.6,0.00909175,132.358
3150,9.5,0.0254,55.5,0.0043284,133.252
4000,0,0.0254,31.7,0.000439472,137.047
6300,0,0.2286,31.7,0.0027238,116.815
2000,11.2,0.0508,39.6,0.0150478,124.42
2500,12.3,0.1016,71.3,0.0337792,121.318
1000,6.7,0.1016,71.3,0.00478288,136.758
2000,4.8,0.0254,39.6,0.000907475,128.916
500,9.9,0.1524,31.7,0.0252785,127.179
12500,0,0.3048,71.3,0.00266337,112.241
1000,17.4,0.0254,31.7,0.0176631,131.796
500,3,0.3048,71.3,0.00425727,128.454
315,22.2,0.0254,71.3,0.0214178,115.857
250,15.4,0.0508,31.7,0.0289853,121.225
1600,9.9,0.1524,55.5,0.0208438,119.875
1600,4.8,0.0254,39.6,0.000907475,125.966
4000,9.5,0.0254,71.3,0.00420654,134.236
1250,19.7,0.0508,71.3,0.0341183,121.485
6300,15.4,0.0508,31.7,0.0289853,108.185
400,5.4,0.1524,39.6,0.00485029,127.637
2500,4.2,0.0508,71.3,0.00142788,131.978
8000,5.4,0.1524,55.5,0.00433288,114.927
500,12.3,0.1016,31.7,0.0418756,118.667
5000,12.3,0.1016,31.7,0.0418756,107.147
1000,17.4,0.0254,71.3,0.016104,125.816
5000,0,0.3048,31.7,0.00331266,115.645
400,12.7,0.0254,39.6,0.0130253,125.527
6300,0,0.1016,55.5,0.00131983,127.73
8000,4,0.3048,71.3,0.00497773,113.665
3150,0,0.1524,31.7,0.00209405,124.207
400,7.3,0.2286,55.5,0.0111706,135.924
400,9.9,0.1524,55.5,0.0208438,131.605
1000,12.6,0.1524,71.3,0.0483159,122.044
500,22.2,0.0254,71.3,0.0214178,117.967
1000,0,0.1016,39.6,0.00146332,130.781
5000,17.4,0.0254,39.6,0.0172206,119.854
250,12.7,0.0254,39.6,0.0130253,121.547
500,0,0.3048,31.7,0.00331266,127.315
800,3,0.3048,39.6,0.00495741,129.552
315,17.4,0.0254,31.7,0.0176631,118.416
12500,2.7,0.1524,71.3,0.00243851,113.034
400,0,0.2286,39.6,0.00253511,123.565
1600,7.2,0.1524,39.6,0.00909175,120.058
1000,15.4,0.0508,39.6,0.0282593,127.893
4000,3.3,0.1016,55.5,0.002211,127.229
3150,4.2,0.0508,71.3,0.00142788,133.728
315,12.3,0.1016,31.7,0.0418756,124.717
1250,0,0.1524,39.6,0.00193287,131.023
3150,11.2,0.0508,71.3,0.014072,127.141
250,4,0.3048,39.6,0.00579636,123.543
2000,9.9,0.1524,39.6,0.0233328,117.925
800,3.3,0.1016,31.7,0.00251435,131.362
12500,0,0.0508,31.7,0.000812164,119.07
500,5.3,0.2286,71.3,0.0051942,129.88
200,17.4,0.0254,55.5,0.0165706,109.951
6300,12.7,0.0254,71.3,0.0121808,125.398
2000,3.3,0.1016,39.6,0.00245138,132.301
3150,8.4,0.0508,55.5,0.00544854,128.402
12500,0,0.0254,39.6,0.000428464,129.116
630,8.9,0.1016,71.3,0.0103088,138.423
12500,0,0.3048,39.6,0.00310138,109.619
1250,7.3,0.2286,39.6,0.0123481,123.189
630,0,0.2286,31.7,0.0027238,129.465
1000,9.5,0.0254,55.5,0.0043284,130.332
500,5.4,0.1524,71.3,0.00401199,126.291
5000,0,0.2286,71.3,0.00214345,124.304
12500,0,0.1016,71.3,0.00121072,119.375
1600,2,0.2286,31.7,0.00372371,125.797
2500,0,0.1016,39.6,0.00146332,132.611
800,19.7,0.0508,71.3,0.0341183,124.555
500,12.3,0.1016,55.5,0.0368233,133.774
800,15.6,0.1016,71.3,0.0437259,124.188
630,17.4,0.0254,39.6,0.0172206,124.514
1600,0,0.1524,31.7,0.00209405,130.817
1250,0,0.3048,71.3,0.00266337,125.951
500,7.2,0.1524,71.3,0.00752039,132.043
10000,0,0.1016,71.3,0.00121072,123.305
1000,2,0.2286,71.3,0.00293031,128.956
2500,12.3,0.1016,31.7,0.0418756,110.317
1250,9.9,0.1524,39.6,0.0233328,120.555
4000,0,0.0254,55.5,0.00041229,133.223
500,0,0.1524,31.7,0.00209405,121.617
500,9.9,0.1524,55.5,0.0208438,127.815
10000,7.2,0.1524,71.3,0.00752039,110.313
3150,9.5,0.0254,31.7,0.00461377,128.536
4000,22.2,0.0254,39.6,0.0229028,119.646
3150,15.4,0.0508,71.3,0.0264269,125.715
3150,22.2,0.0254,39.6,0.0229028,120.856
2500,6.7,0.1016,71.3,0.00478288,131.458
500,12.6,0.1524,39.6,0.0584113,114.9
1600,19.7,0.0508,71.3,0.0341183,120.575
4000,0,0.3048,31.7,0.00331266,118.145
800,9.5,0.0254,39.6,0.00449821,129.014
800,6.7,0.1016,71.3,0.00478288,134.478
1000,0,0.1524,31.7,0.00209405,130.987
1600,7.3,0.2286,55.5,0.0111706,123.354
4000,3.3,0.1016,39.6,0.00245138,124.881
630,2,0.2286,71.3,0.00293031,127.356
250,12.3,0.1016,55.5,0.0368233,133.294
200,19.7,0.0508,71.3,0.0341183,118.005
5000,12.6,0.1524,39.6,0.0584113,104.13
400,12.6,0.1524,39.6,0.0584113,115.91
8000,15.4,0.0508,71.3,0.0264269,112.675
1000,4.8,0.0254,31.7,0.000930789,125.348
4000,4.8,0.0254,55.5,0.000873218,133.924
4000,9.5,0.0254,39.6,0.00449821,127.864
630,3,0.3048,31.7,0.00529514,128.698
5000,12.7,0.0254,71.3,0.0121808,128.978
400,5.4,0.1524,71.3,0.00401199,124.121
3150,12.3,0.1016,39.6,0.0408268,113.055
630,7.3,0.2286,39.6,0.0123481,128.929
5000,5.4,0.1524,55.5,0.00433288,118.757
16000,4.8,0.0254,55.5,0.000873218,124.394
1250,3,0.3048,39.6,0.00495741,125.802
630,4,0.2286,31.7,0.00509068,130.349
250,15.6,0.1016,71.3,0.0437259,132.158
1600,22.2,0.0254,39.6,0.0229028,122.216
4000,12.3,0.1016,55.5,0.0368233,114.404
8000,0,0.2286,71.3,0.00214345,118.024
2000,15.4,0.0508,31.7,0.0289853,120.835
630,4,0.3048,71.3,0.00497773,131.615
800,0,0.1016,39.6,0.00146332,128.401
250,8.9,0.1016,71.3,0.0103088,134.533
1250,15.4,0.0508,39.6,0.0282593,126.743
2500,0,0.3048,31.7,0.00331266,120.755
1600,11.2,0.0508,71.3,0.014072,135.191
2500,7.2,0.1524,39.6,0.00909175,117.478
8000,22.2,0.0254,71.3,0.0214178,121.657
2500,4.8,0.0254,31.7,0.000930789,132.588
200,7.3,0.2286,55.5,0.0111706,135.234
1000,6.7,0.1016,31.7,0.00592927,131.636
1000,8.4,0.0508,71.3,0.00529514,129.946
5000,7.3,0.2286,71.3,0.0104404,115.298
2500,5.4,0.1524,71.3,0.00401199,127.591
8000,3,0.3048,71.3,0.00425727,114.634
315,1.5,0.3048,39.6,0.00392107,121.851
6300,8.9,0.1016,39.6,0.0124596,113.11
4000,4,0.3048,71.3,0.00497773,119.535
5000,4.8,0.0254,71.3,0.000848633,135.468
400,2,0.2286,39.6,0.00346574,122.147
1000,19.7,0.0508,71.3,0.0341183,121.885
1000,2.7,0.1524,39.6,0.00294804,130.589
1600,0,0.1524,71.3,0.0015988,129.667
800,0,0.1524,71.3,0.0015988,125.817
8000,0,0.1016,31.7,0.00150092,120.193
800,4,0.3048,71.3,0.00497773,131.755
400,9.5,0.0254,31.7,0.00461377,124.756
5000,0,0.1016,31.7,0.00150092,124.393
6300,7.3,0.2286,39.6,0.0123481,110.839
400,7.3,0.2286,71.3,0.0104404,139.438
3150,11.2,0.0508,39.6,0.0150478,119.67
800,9.9,0.1524,31.7,0.0252785,125.539
1600,12.3,0.1016,31.7,0.0418756,114.477
630,4,0.3048,39.6,0.00579636,131.073
1250,2.7,0.1524,39.6,0.00294804,130.829
1000,9.5,0.0254,39.6,0.00449821,130.374
2500,0,0.0254,31.7,0.000439472,132.897
1600,15.4,0.0508,39.6,0.0282593,124.843
250,17.4,0.0254,71.3,0.016104,113.796
2000,0,0.0254,39.6,0.000428464,130.026
8000,0,0.3048,55.5,0.00283081,116.476
1250,2,0.2286,39.6,0.00346574,128.257
630,5.4,0.1524,31.7,0.00525474,131.471
630,15.4,0.0508,55.5,0.0271925,129.33
2000,0,0.1016,31.7,0.00150092,133.153
2500,5.4,0.1524,31.7,0.00525474,119.151
5000,5.4,0.1524,71.3,0.00401199,120.061
1000,0,0.2286,31.7,0.0027238,130.595
1000,3.3,0.1016,39.6,0.00245138,131.971
1250,22.2,0.0254,71.3,0.0214178,140.987
1250,8.9,0.1016,71.3,0.0103088,132.793
5000,0,0.2286,39.6,0.00253511,122.175
1000,9.5,0.0254,71.3,0.00420654,129.556
10000,4.8,0.0254,71.3,0.000848633,127.398
6300,0,0.1524,39.6,0.00193287,121.313
2500,3.3,0.1016,55.5,0.002211,132.889
4000,0,0.1016,39.6,0.00146332,127.801
630,0,0.1016,39.6,0.00146332,125.401
1600,4.8,0.0254,31.7,0.000930789,128.718
400,17.4,0.0254,31.7,0.0176631,120.766
3150,3.3,0.1016,31.7,0.00251435,128.252
800,12.7,0.0254,39.6,0.0130253,130.217
2000,0,0.3048,31.7,0.00331266,122.375
6300,3,0.3048,39.6,0.00495741,114.042
2500,9.5,0.0254,71.3,0.00420654,135.956
3150,12.7,0.0254,39.6,0.0130253,127.847
5000,0,0.1016,71.3,0.00121072,130.795
1000,8.9,0.1016,39.6,0.0124596,129.58
1000,15.4,0.0508,71.3,0.0264269,131.865
2000,4,0.3048,39.6,0.00579636,120.963
10000,0,0.0254,55.5,0.00041229,134.563
6300,7.3,0.2286,55.5,0.0111706,111.534
4000,0,0.1016,71.3,0.00121072,130.935
1600,4.2,0.0508,39.6,0.00152689,130.197
6300,2.7,0.1524,39.6,0.00294804,119.209
1000,7.3,0.2286,31.7,0.0132672,119.099
1600,0,0.1524,39.6,0.00193287,131.013
6300,0,0.3048,31.7,0.00331266,113.775
5000,3.3,0.1016,55.5,0.002211,124.839
630,6.7,0.1016,31.7,0.00592927,132.116
800,3.3,0.1016,71.3,0.00202822,131.074
6300,7.3,0.2286,71.3,0.0104404,115.818
3150,0,0.3048,31.7,0.00331266,119.135
1600,1.5,0.3048,39.6,0.00392107,122.211
1000,7.3,0.2286,55.5,0.0111706,125.194
8000,2.7,0.1524,39.6,0.00294804,116.659
400,8.9,0.1016,71.3,0.0103088,138.123
2000,4.2,0.0508,71.3,0.00142788,129.848
8000,0,0.1524,55.5,0.00172668,121.903
1000,2,0.2286,31.7,0.00372371,130.307
2000,12.3,0.1016,39.6,0.0408268,114.085
630,2.7,0.1524,39.6,0.00294804,125.809
3150,4,0.2286,55.5,0.0042862,122.394
2500,7.3,0.2286,55.5,0.0111706,118.994
1250,15.4,0.0508,31.7,0.0289853,123.255
2000,5.4,0.1524,31.7,0.00525474,122.771
2000,2.7,0.1524,39.6,0.00294804,128.139
5000,3.3,0.1016,39.6,0.00245138,122.371
500,17.4,0.0254,55.5,0.0165706,119.621
800,2,0.2286,39.6,0.00346574,129.037
5000,9.9,0.1524,31.7,0.0252785,109.949
800,9.9,0.1524,55.5,0.0208438,126.565
8000,3,0.3048,55.5,0.00452492,113.799
250,12.3,0.1016,71.3,0.0337792,131.568
3150,3,0.3048,55.5,0.00452492,120.189
1600,2,0.2286,71.3,0.00293031,127.796
500,17.4,0.0254,71.3,0.016104,119.806
1250,0,0.1016,55.5,0.00131983,131.43
400,4,0.2286,31.7,0.00509068,126.149
315,2,0.2286,39.6,0.00346574,120.137
1000,15.4,0.0508,31.7,0.0289853,124.525
16000,0,0.1524,55.5,0.00172668,112.803
315,3,0.3048,31.7,0.00529514,123.118
1250,6.7,0.1016,39.6,0.00578076,132.395
250,8.9,0.1016,39.6,0.0124596,134.34
5000,3.3,0.1016,71.3,0.00202822,127.054
4000,5.4,0.1524,39.6,0.00485029,117.137
8000,4.8,0.0254,31.7,0.000930789,127.008
4000,7.3,0.2286,55.5,0.0111706,117.284
12500,4.8,0.0254,55.5,0.000873218,125.094
2500,5.4,0.1524,55.5,0.00433288,124.077
6300,4,0.2286,55.5,0.0042862,117.154
2500,4.8,0.0254,39.6,0.000907475,131.236
800,5.4,0.1524,39.6,0.00485029,132.757
4000,8.4,0.0508,55.5,0.00544854,122.612
5000,15.4,0.0508,71.3,0.0264269,119.135
1250,17.4,0.0254,31.7,0.0176631,128.306
1250,8.4,0.0508,71.3,0.00529514,132.086
1600,8.4,0.0508,39.6,0.00566229,130.965
1250,9.9,0.1524,31.7,0.0252785,118.619
4000,0,0.3048,55.5,0.00283081,121.106
12500,4.2,0.0508,71.3,0.00142788,117.328
12500,0,0.1524,55.5,0.00172668,117.093
1600,6.7,0.1016,71.3,0.00478288,136.678
800,0,0.3048,39.6,0.00310138,129.099
800,3.3,0.1016,39.6,0.00245138,129.991
3150,19.7,0.0508,39.6,0.036484,113.004
400,15.4,0.0508,71.3,0.0264269,126.805
1600,0,0.0508,55.5,0.00076193,128.576
3150,3,0.3048,39.6,0.00495741,118.922
200,7.3,0.2286,31.7,0.0132672,128.679
1600,15.6,0.1016,71.3,0.0437259,121.528
2500,15.4,0.0508,71.3,0.0264269,127.625
315,9.5,0.0254,39.6,0.00449821,119.294
4000,0,0.0508,71.3,0.000740478,134.43
20000,0,0.0254,71.3,0.000400682,123.217
630,15.4,0.0508,71.3,0.0264269,129.645
3150,22.2,0.0254,71.3,0.0214178,124.127
2500,8.9,0.1016,39.6,0.0124596,119.19
5000,4,0.3048,39.6,0.00579636,113.733
800,4,0.2286,55.5,0.0042862,131.864
1000,5.4,0.1524,39.6,0.00485029,130.507
1600,0,0.0254,31.7,0.000439472,129.267
1000,1.5,0.3048,71.3,0.00336729,125.992
4000,2,0.2286,31.7,0.00372371,120.527
4000,0,0.1524,71.3,0.0015988,128.857
5000,12.7,0.0254,39.6,0.0130253,125.107
1000,17.4,0.0254,39.6,0.0172206,138.274
1250,4.8,0.0254,31.7,0.000930789,127.408
1600,0,0.1016,39.6,0.00146332,133.261
2500,9.5,0.0254,55.5,0.0043284,134.152
1600,0,0.2286,39.6,0.00253511,127.095
1600,12.6,0.1524,71.3,0.0483159,120.534
315,12.7,0.0254,39.6,0.0130253,123.537
2000,17.4,0.0254,39.6,0.0172206,126.644
5000,7.3,0.2286,55.5,0.0111706,113.144
2500,11.2,0.0508,39.6,0.0150478,122.17
6300,0,0.1016,39.6,0.00146332,125.631
2500,4.2,0.0508,39.6,0.00152689,133.847
2000,9.5,0.0254,31.7,0.00461377,130.496
3150,0,0.3048,71.3,0.00266337,125.201
4000,0,0.3048,39.6,0.00310138,119.229
315,5.4,0.1524,31.7,0.00525474,125.741
5000,0,0.1524,39.6,0.00193287,123.453
800,0,0.0508,71.3,0.000740478,130.96
200,12.3,0.1016,39.6,0.0408268,128.545
315,17.4,0.0254,71.3,0.016104,115.846
400,12.7,0.0254,71.3,0.0121808,125.048
3150,4.8,0.0254,55.5,0.000873218,132.354
4000,3,0.3048,39.6,0.00495741,116.792
6300,9.9,0.1524,55.5,0.0208438,110.555
1600,5.4,0.1524,71.3,0.00401199,133.241
1250,0,0.2286,71.3,0.00214345,128.144
630,3,0.3048,55.5,0.00452492,129.569
6300,0,0.1524,71.3,0.0015988,125.427
400,12.3,0.1016,55.5,0.0368233,136.414
4000,9.9,0.1524,31.7,0.0252785,111.459
630,0,0.1524,39.6,0.00193287,124.403
3150,15.4,0.0508,31.7,0.0289853,118.045
2500,3,0.3048,71.3,0.00425727,124.024
2000,0,0.1524,31.7,0.00209405,128.907
8000,12.7,0.0254,71.3,0.0121808,120.538
16000,0,0.3048,71.3,0.00266337,108.721
2000,5.4,0.1524,71.3,0.00401199,131.111
800,4,0.2286,31.7,0.00509068,130.869
6300,0,0.3048,55.5,0.00283081,117.976
630,0,0.1524,55.5,0.00172668,123.583
3150,4.8,0.0254,31.7,0.000930789,134.268
2500,4,0.2286,71.3,0.00400603,124.338
4000,7.2,0.1524,39.6,0.00909175,114.258
400,17.4,0.0254,39.6,0.0172206,115.444
250,12.6,0.1524,39.6,0.0584113,115.89
1250,17.4,0.0254,39.6,0.0172206,131.364
315,5.3,0.2286,39.6,0.00614329,129.691
2500,0,0.0508,31.7,0.000812164,134.87
1000,5.4,0.1524,55.5,0.00433288,132.127
500,15.4,0.0508,55.5,0.0271925,127.22
630,9.9,0.1524,55.5,0.0208438,127.315
10000,3,0.3048,71.3,0.00425727,110.224
250,15.6,0.1016,39.6,0.0528487,124.644
800,9.5,0.0254,31.7,0.00461377,130.746
2000,6.7,0.1016,55.5,0.0052139,129.653
1600,15.4,0.0508,71.3,0.0264269,130.065
4000,4.2,0.0508,71.3,0.00142788,133.598
400,6.7,0.1016,39.6,0.00578076,128.295
800,5.4,0.1524,31.7,0.00525474,131.491
800,8.4,0.0508,39.6,0.00566229,128.435
4000,0,0.1524,31.7,0.00209405,123.807
5000,17.4,0.0254,71.3,0.016104,123.126
630,2.7,0.1524,71.3,0.00243851,127.404
200,15.6,0.1016,39.6,0.0528487,123.514
2500,8.9,0.1016,71.3,0.0103088,123.623
3150,0,0.0254,55.5,0.00041229,130.503
1250,2,0.2286,71.3,0.00293031,128.816
1000,0,0.0508,39.6,0.000791822,127.638
1000,9.9,0.1524,71.3,0.0193001,126.349
400,3,0.3048,39.6,0.00495741,125.472
500,9.5,0.0254,39.6,0.00449821,123.894
5000,9.5,0.0254,55.5,0.0043284,128.412
5000,7.2,0.1524,39.6,0.00909175,113.288
200,12.3,0.1016,55.5,0.0368233,132.304
1250,3.3,0.1016,31.7,0.00251435,134.022
400,0,0.2286,55.5,0.00229336,121.66
2500,7.3,0.2286,39.6,0.0123481,116.559
5000,0,0.3048,55.5,0.00283081,119.606
500,2.7,0.1524,39.6,0.00294804,121.009
800,11.2,0.0508,71.3,0.014072,136.031
3150,0,0.1524,39.6,0.00193287,125.603
2500,3,0.3048,31.7,0.00529514,119.598
2000,0,0.1016,39.6,0.00146332,133.251
12500,2.7,0.1524,39.6,0.00294804,108.649
2500,15.6,0.1016,39.6,0.0528487,110.264
3150,0,0.0254,71.3,0.000400682,137.007
800,9.5,0.0254,55.5,0.0043284,128.082
4000,7.3,0.2286,71.3,0.0104404,119.208
1250,5.4,0.1524,31.7,0.00525474,123.991
4000,0,0.0508,55.5,0.00076193,134.946
4000,0,0.2286,71.3,0.00214345,125.824
3150,0,0.1016,55.5,0.00131983,131.78
2500,12.6,0.1524,71.3,0.0483159,115.234
6300,7.3,0.2286,31.7,0.0132672,110.689
630,11.2,0.0508,39.6,0.0150478,133.13
5000,8.4,0.0508,71.3,0.00529514,121.146
315,8.9,0.1016,39.6,0.0124596,135.38
16000,0,0.0254,31.7,0.000439472,125.627
2500,4.8,0.0254,55.5,0.000873218,129.144
5000,4,0.2286,31.7,0.00509068,115.969
400,8.9,0.1016,39.6,0.0124596,135.54
4000,7.3,0.2286,31.7,0.0132672,112.639
3150,17.4,0.0254,55.5,0.0165706,124.101
6300,5.4,0.1524,39.6,0.00485029,116.677
3150,0,0.0254,39.6,0.000428464,133.276
500,7.3,0.2286,31.7,0.0132672,128.169
1000,9.9,0.1524,31.7,0.0252785,122.149
1250,12.6,0.1524,39.6,0.0584113,112.16
6300,3.3,0.1016,31.7,0.00251435,120.702
3150,1.5,0.3048,71.3,0.00336729,123.392
500,7.3,0.2286,39.6,0.0123481,130.299
800,0,0.1016,55.5,0.00131983,127.92
2500,8.4,0.0508,55.5,0.00544854,131.542
2000,0,0.2286,71.3,0.00214345,128.244
800,4.8,0.0254,39.6,0.000907475,120.766
2500,19.7,0.0508,71.3,0.0341183,118.385
4000,15.6,0.1016,39.6,0.0528487,106.604
1000,11.2,0.0508,71.3,0.014072,136.941
4000,9.5,0.0254,55.5,0.0043284,131.582
1600,12.7,0.0254,71.3,0.0121808,134.528
4000,8.4,0.0508,31.7,0.00580776,118.106
800,1.5,0.3048,39.6,0.00392107,128.831
10000,0,0.1016,55.5,0.00131983,121.93
250,17.4,0.0254,31.7,0.0176631,116.956
2500,3.3,0.1016,31.7,0.00251435,130.392
2000,4,0.3048,71.3,0.00497773,124.395
1000,9.9,0.1524,39.6,0.0233328,123.835
5000,22.2,0.0254,39.6,0.0229028,118.816
1000,22.2,0.0254,71.3,0.0214178,134.247
630,3,0.3048,39.6,0.00495741,129.292
500,6.7,0.1016,31.7,0.00592927,130.206
2500,2.7,0.1524,39.6,0.00294804,125.589
3150,12.3,0.1016,71.3,0.0337792,120.798
500,15.6,0.1016,39.6,0.0528487,115.304
1600,7.3,0.2286,71.3,0.0104404,125.728
2000,17.4,0.0254,31.7,0.0176631,124.356
3150,12.6,0.1524,39.6,0.0584113,106.26
2000,0,0.3048,39.6,0.00310138,123.689
400,7.3,0.2286,31.7,0.0132672,130.269
5000,0,0.0254,39.6,0.000428464,136.536
4000,4.2,0.0508,39.6,0.00152689,131.807
500,0,0.3048,39.6,0.00310138,126.959
1000,4,0.3048,71.3,0.00497773,131.015
1250,7.2,0.1524,39.6,0.00909175,122.428
2000,7.3,0.2286,55.5,0.0111706,120.354
1600,0,0.1524,55.5,0.00172668,130.183
6300,0,0.3048,71.3,0.00266337,119.541
1250,0,0.1524,31.7,0.00209405,131.467
2500,0,0.2286,55.5,0.00229336,126.54
1250,8.9,0.1016,39.6,0.0124596,127.71
3150,4,0.2286,39.6,0.00473801,120.419
3150,4.2,0.0508,39.6,0.00152689,133.587
2500,12.6,0.1524,39.6,0.0584113,106.88
16000,2.7,0.1524,71.3,0.00243851,110.364
4000,9.9,0.1524,71.3,0.0193001,115.079
250,4,0.2286,31.7,0.00509068,120.189
250,7.3,0.2286,55.5,0.0111706,136.384
1600,17.4,0.0254,55.5,0.0165706,126.471
2500,22.2,0.0254,39.6,0.0229028,121.306
5000,2,0.2286,39.6,0.00346574,118.827
5000,0,0.2286,55.5,0.00229336,122.41
315,9.9,0.1524,55.5,0.0208438,132.355
5000,8.4,0.0508,55.5,0.00544854,115.812
500,8.9,0.1016,39.6,0.0124596,133.79
1250,0,0.0254,31.7,0.000439472,127.947
500,4,0.3048,39.6,0.00579636,130.173
4000,9.9,0.1524,55.5,0.0208438,112.945
200,0,0.3048,39.6,0.00310138,118.129
1600,3.3,0.1016,71.3,0.00202822,133.664
500,12.7,0.0254,39.6,0.0130253,127.127
4000,3,0.3048,71.3,0.00425727,120.264
6300,9.5,0.0254,39.6,0.00449821,120.324
6300,5.3,0.2286,71.3,0.0051942,116.92
1250,2,0.2286,55.5,0.00313525,128.762
6300,5.3,0.2286,39.6,0.00614329,112.541
1250,4,0.2286,55.5,0.0042862,131.264
250,17.4,0.0254,55.5,0.0165706,110.491
1600,3,0.3048,31.7,0.00529514,122.088
2500,2,0.2286,55.5,0.00313525,123.862
8000,0,0.0508,31.7,0.000812164,126.59
2500,12.3,0.1016,39.6,0.0408268,113.315
8000,12.7,0.0254,39.6,0.0130253,120.607
2500,0,0.1524,71.3,0.0015988,128.127
1000,7.2,0.1524,71.3,0.00752039,134.273
4000,0,0.0508,31.7,0.000812164,134.11
5000,3,0.3048,39.6,0.00495741,115.792
630,6.7,0.1016,71.3,0.00478288,131.448
2000,9.9,0.1524,71.3,0.0193001,120.779
200,15.4,0.0508,39.6,0.0282593,121.783
1000,12.3,0.1016,39.6,0.0408268,122.435
2500,0,0.1524,31.7,0.00209405,125.867
200,9.5,0.0254,31.7,0.00461377,119.146
5000,8.9,0.1016,71.3,0.0103088,116.723
5000,9.5,0.0254,39.6,0.00449821,125.044
3150,9.9,0.1524,39.6,0.0233328,113.525
1250,0,0.1016,31.7,0.00150092,133.063
3150,4.8,0.0254,71.3,0.000848633,133.378
12500,0,0.1524,71.3,0.0015988,117.087
3150,7.3,0.2286,31.7,0.0132672,113.229
400,19.7,0.0508,39.6,0.036484,130.614
2500,4,0.2286,39.6,0.00473801,119.649
630,22.2,0.0254,71.3,0.0214178,120.657
250,22.2,0.0254,39.6,0.0229028,117.386
4000,15.6,0.1016,71.3,0.0437259,113.298
10000,3.3,0.1016,39.6,0.00245138,115.321
500,5.4,0.1524,39.6,0.00485029,129.937
500,1.5,0.3048,39.6,0.00392107,126.661
10000,0,0.1524,55.5,0.00172668,119.253
400,22.2,0.0254,71.3,0.0214178,117.927
4000,17.4,0.0254,39.6,0.0172206,122.724
4000,9.5,0.0254,31.7,0.00461377,126.736
200,17.4,0.0254,71.3,0.016104,112.506
500,4,0.2286,31.7,0.00509068,128.939
1250,12.3,0.1016,71.3,0.0337792,126.648
1600,4,0.2286,71.3,0.00400603,129.468
250,9.5,0.0254,31.7,0.00461377,120.136
2500,3,0.3048,39.6,0.00495741,120.162
6300,4,0.3048,71.3,0.00497773,116.165
500,7.3,0.2286,55.5,0.0111706,133.174
315,12.6,0.1524,39.6,0.0584113,116.02
1600,0,0.0508,71.3,0.000740478,129.68
400,3,0.3048,31.7,0.00529514,125.398
630,7.2,0.1524,39.6,0.00909175,133.198
4000,5.4,0.1524,71.3,0.00401199,121.431
5000,2,0.2286,55.5,0.00313525,120.472
8000,0,0.1524,71.3,0.0015988,122.527
6300,2.7,0.1524,71.3,0.00243851,121.944
200,9.5,0.0254,39.6,0.00449821,116.074
1250,12.6,0.1524,71.3,0.0483159,120.154
8000,0,0.0254,71.3,0.000400682,129.867
500,5.4,0.1524,31.7,0.00525474,129.681
1600,12.3,0.1016,71.3,0.0337792,124.748
500,15.4,0.0508,71.3,0.0264269,127.285
6300,4.2,0.0508,71.3,0.00142788,129.308
12500,1.5,0.3048,39.6,0.00392107,106.111
200,15.4,0.0508,71.3,0.0264269,123.595
500,2,0.2286,31.7,0.00372371,126.677
6300,3,0.3048,55.5,0.00452492,115.679
200,7.3,0.2286,71.3,0.0104404,138.758
1600,5.4,0.1524,31.7,0.00525474,123.761
5000,4,0.2286,39.6,0.00473801,117.649
1600,0,0.3048,31.7,0.00331266,122.365
5000,0,0.0508,71.3,0.000740478,134.43
3150,4,0.3048,39.6,0.00579636,118.743
2000,15.6,0.1016,71.3,0.0437259,119.888
630,9.5,0.0254,39.6,0.00449821,126.514
500,5.4,0.1524,55.5,0.00433288,129.367
315,7.3,0.2286,31.7,0.0132672,130.239
800,15.4,0.0508,71.3,0.0264269,131.515
6300,9.5,0.0254,31.7,0.00461377,120.726
4000,2,0.2286,39.6,0.00346574,120.227
5000,0,0.3048,71.3,0.00266337,121.301
500,4.8,0.0254,31.7,0.000930789,116.128
2500,0,0.1016,71.3,0.00121072,132.595
12500,0,0.0254,55.5,0.00041229,131.453
8000,3,0.3048,39.6,0.00495741,110.652
4000,15.4,0.0508,31.7,0.0289853,115.635
2000,15.4,0.0508,39.6,0.0282593,123.443
6300,15.6,0.1016,39.6,0.0528487,104.204
1600,12.7,0.0254,39.6,0.0130253,129.977
2000,9.9,0.1524,55.5,0.0208438,119.505
400,5.3,0.2286,71.3,0.0051942,127.7
250,12.3,0.1016,31.7,0.0418756,125.857
500,4,0.2286,71.3,0.00400603,126.758
1600,7.3,0.2286,39.6,0.0123481,121.059
1600,8.4,0.0508,71.3,0.00529514,133.846
500,7.3,0.2286,71.3,0.0104404,136.798
630,0,0.1016,31.7,0.00150092,126.413
16000,0,0.0254,55.5,0.00041229,125.683
2000,8.4,0.0508,71.3,0.00529514,134.476
3150,8.9,0.1016,71.3,0.0103088,123.263
8000,4,0.2286,39.6,0.00473801,113.129
2000,8.4,0.0508,55.5,0.00544854,133.042
1600,2.7,0.1524,39.6,0.00294804,130.049
1250,1.5,0.3048,39.6,0.00392107,125.211
800,6.7,0.1016,31.7,0.00592927,132.886
315,15.4,0.0508,39.6,0.0282593,124.493
3150,0,0.0508,39.6,0.000791822,135.938
4000,5.4,0.1524,55.5,0.00433288,119.737
500,2,0.2286,55.5,0.00313525,124.692
400,1.5,0.3048,39.6,0.00392107,124.001
2500,15.6,0.1016,71.3,0.0437259,118.998
4000,12.7,0.0254,71.3,0.0121808,131.808
1250,15.6,0.1016,71.3,0.0437259,123.178
400,2,0.2286,31.7,0.00372371,123.417
200,22.2,0.0254,39.6,0.0229028,116.066
4000,5.3,0.2286,39.6,0.00614329,115.801
630,9.9,0.1524,39.6,0.0233328,126.465
1600,17.4,0.0254,71.3,0.016104,126.406
400,9.9,0.1524,71.3,0.0193001,135.079
1600,15.6,0.1016,39.6,0.0528487,114.554
315,7.3,0.2286,71.3,0.0104404,139.808
